City_ID,City,Lat,Lng,Max Temp,Humidity,Cloudiness,Wind Speed,Country,Date
0,kapaa,22.0752,-159.319,75.52,90,75,17.27,US,1675625133
1,comodoro rivadavia,-45.8667,-67.5,75.06,23,0,12.66,AR,1675625230
2,tosno,59.54,30.8775,22.84,85,100,7.25,RU,1675625099
3,vila velha,-20.3297,-40.2925,85.95,77,20,19.57,BR,1675625372
4,kaitangata,-46.2817,169.8464,59.13,84,100,14.99,NZ,1675625373
5,cairns,-16.9167,145.7667,80.55,94,100,5.75,AU,1675625373
6,qaanaaq,77.484,-69.3632,-2.72,62,0,9.37,GL,1675625202
7,shelburne,44.0787,-80.2041,36.9,79,100,15.73,CA,1675625374
8,velenje,46.3592,15.1103,27.82,66,100,1.3,SI,1675625374
9,upernavik,72.7868,-56.1549,-14.06,95,100,1.41,GL,1675625194
10,coquimbo,-29.9533,-71.3436,73.13,64,0,17.27,CL,1675625201
11,placido de castro,-10.3353,-67.1856,80.76,73,100,3.71,BR,1675625375
12,takoradi,4.8845,-1.7554,81.68,80,100,11.12,GH,1675625375
13,ketchikan,55.3422,-131.6461,39.18,87,0,4.61,US,1675625376
14,arraial do cabo,-22.9661,-42.0278,84.16,70,40,8.05,BR,1675625097
15,blackwater,-23.5833,148.8833,75.87,91,96,8.34,AU,1675625376
16,lubango,-14.9172,13.4925,59.43,86,94,4.74,AO,1675625377
17,laguna,38.421,-121.4238,57.18,76,0,14.97,US,1675625133
18,tucuman,-26.8241,-65.2226,86.0,51,20,4.61,AR,1675625377
19,marsaxlokk,35.8419,14.5431,50.61,43,20,18.41,MT,1675625378
20,ushuaia,-54.8,-68.3,49.62,81,40,35.68,AR,1675625120
21,asau,46.4333,26.4,24.28,93,100,7.7,RO,1675625378
22,ust-kuyga,70.0167,135.6,-24.93,98,100,3.09,RU,1675625379
23,mataura,-46.1927,168.8643,56.98,95,100,12.64,NZ,1675625379
24,calvillo,21.85,-102.7167,74.34,15,0,5.99,MX,1675625380
25,rikitea,-23.1203,-134.9692,78.76,75,12,15.79,PF,1675625380
26,iqaluit,63.7506,-68.5145,-18.31,68,100,17.27,CA,1675625380
27,haimen,23.1935,116.6142,58.89,94,100,11.03,CN,1675625381
28,port alfred,-33.5906,26.891,72.18,93,6,5.01,ZA,1675625086
29,muriwai beach,-36.8167,174.45,64.42,96,98,6.67,NZ,1675625382
30,busselton,-33.65,115.3333,66.18,83,30,14.05,AU,1675625202
31,hobart,-42.8794,147.3294,58.86,74,75,16.11,AU,1675625382
32,ambilobe,-13.2,49.05,74.7,92,100,2.26,MG,1675625383
33,faanui,-16.4833,-151.75,81.28,75,8,14.56,PF,1675625132
34,hilo,19.7297,-155.09,77.61,87,75,5.75,US,1675625191
35,abonnema,4.7084,6.7931,82.51,72,98,11.12,NG,1675625383
36,nikolskoye,59.7035,30.7861,22.91,85,100,7.14,RU,1675625384
37,santa cruz de la palma,28.6835,-17.7642,62.74,72,75,11.5,ES,1675625384
38,pontes e lacerda,-15.2261,-59.3353,82.63,77,48,3.09,BR,1675625384
39,nouadhibou,20.931,-17.0347,71.58,33,100,13.8,MR,1675625385
40,hammerfest,70.6634,23.6821,36.05,87,75,21.85,NO,1675625385
41,avarua,-21.2078,-159.775,82.45,83,75,12.66,CK,1675625386
42,saint-philippe,-21.3585,55.7679,80.19,87,91,10.47,RE,1675625254
43,cape town,-33.9258,18.4232,70.21,82,0,18.41,ZA,1675625233
44,tuatapere,-46.1333,167.6833,57.88,92,93,14.43,NZ,1675625222
45,georgetown,5.4112,100.3354,76.95,99,20,1.14,MY,1675625386
46,ponta do sol,32.6667,-17.1,62.13,49,70,4.41,PT,1675625387
47,new norfolk,-42.7826,147.0587,58.5,64,100,3.0,AU,1675625131
48,mazamari,-11.3258,-74.5308,82.51,61,80,2.57,PE,1675625289
49,vardo,70.3705,31.1107,19.38,86,0,27.63,NO,1675625387
50,jamestown,42.097,-79.2353,44.24,32,100,19.57,US,1675625297
51,wangqing,43.3218,129.7634,5.0,96,11,2.86,CN,1675625388
52,tibati,6.4667,12.6333,76.75,16,98,5.99,CM,1675625388
53,timizart,36.8,4.2667,49.46,88,98,3.89,DZ,1675625389
54,punta arenas,-53.15,-70.9167,55.51,38,0,34.52,CL,1675625389
55,souillac,-20.5167,57.5167,79.18,83,40,9.22,MU,1675625152
56,isangel,-19.55,169.2667,80.28,82,100,5.91,VU,1675625390
57,vao,-22.6667,167.4833,79.05,87,98,18.19,NC,1675625390
58,constitucion,-35.3333,-72.4167,68.92,71,19,7.65,CL,1675625156
59,mecca,21.4267,39.8261,72.55,56,35,3.44,SA,1675625319
60,lata,40.1629,-8.3327,48.6,67,0,4.9,PT,1675625391
61,hambantota,6.1241,81.1185,76.8,84,100,8.97,LK,1675625392
62,suntar,62.1444,117.6319,-56.38,100,69,2.24,RU,1675625392
63,aklavik,68.2191,-135.0107,-45.4,66,20,3.44,CA,1675625392
64,port elizabeth,-33.918,25.5701,77.09,92,20,18.41,ZA,1675625393
65,nordfjordeid,61.9063,5.9915,44.94,93,75,4.61,NO,1675625393
66,puerto ayora,-0.7393,-90.3518,85.96,88,14,7.0,EC,1675625395
67,walvis bay,-22.9575,14.5053,65.08,82,100,9.24,NA,1675625267
68,yanam,16.7333,82.2167,68.4,85,6,1.43,IN,1675625395
69,mogadishu,2.0371,45.3438,77.09,83,95,20.24,SO,1675625396
70,komsomolskiy,40.4272,71.7189,39.92,87,100,2.3,UZ,1675625396
71,bethel,41.3712,-73.414,48.02,45,100,3.0,US,1675625397
72,chuy,-33.6971,-53.4616,77.25,52,0,11.12,UY,1675625397
73,yar-sale,66.8333,70.8333,-11.15,100,66,4.59,RU,1675625276
74,hvide sande,56.0045,8.1294,37.09,85,91,17.2,DK,1675625397
75,cidreira,-30.1811,-50.2056,82.13,53,1,15.03,BR,1675625202
76,east london,-33.0153,27.9116,77.49,83,7,11.25,ZA,1675625131
77,derzhavinsk,51.1,66.3167,7.9,99,77,5.55,KZ,1675625398
78,atuona,-9.8,-139.0333,78.22,80,20,16.71,PF,1675625399
79,guangyuan,32.442,105.823,49.6,66,100,2.01,CN,1675625399
80,buluang,13.3068,123.3425,72.9,94,58,3.0,PH,1675625399
81,victoria,22.2855,114.1577,65.32,89,100,5.01,HK,1675625362
82,cabo san lucas,22.8909,-109.9124,83.61,51,0,3.44,MX,1675625400
83,barrow,71.2906,-156.7887,-16.58,69,100,6.91,US,1675625390
84,lagoa,39.05,-27.9833,59.58,84,24,17.34,PT,1675625253
85,dhing,26.4667,92.4667,64.76,52,5,4.16,IN,1675625401
86,albany,42.6001,-73.9662,42.73,46,99,1.01,US,1675625401
87,tiksi,71.6872,128.8694,-28.5,100,100,3.44,RU,1675625403
88,la romana,18.4273,-68.9728,88.16,51,40,11.5,DO,1675625408
89,masty,53.4122,24.5387,24.33,76,16,6.51,BY,1675625414
90,general pico,-35.6566,-63.7568,98.42,14,6,9.15,AR,1675625416
91,kodiak,57.79,-152.4072,38.71,100,100,18.41,US,1675625197
92,butaritari,3.0707,172.7902,80.62,81,100,19.71,KI,1675625418
93,wilmington island,32.0036,-80.9737,64.49,75,0,6.91,US,1675625418
94,grand forks,47.9417,-97.4337,19.33,73,100,9.22,US,1675625420
95,nanortalik,60.1432,-45.2371,23.07,82,100,33.46,GL,1675625421
96,pangody,65.85,74.4859,-12.39,100,100,4.7,RU,1675625422
97,maniitsoq,65.4167,-52.9,2.12,90,100,12.26,GL,1675625423
98,bredasdorp,-34.5322,20.0403,70.92,76,100,6.93,ZA,1675625424
99,bandarbeyla,9.4942,50.8122,75.25,74,68,16.53,SO,1675625427
100,mehamn,71.0357,27.8492,24.75,86,75,14.97,NO,1675625427
101,saravan,39.7196,45.6483,25.09,95,100,3.67,AM,1675625428
102,teseney,15.11,36.6575,75.78,39,42,8.77,ER,1675625432
103,lagos,6.5833,3.75,81.05,82,100,7.25,NG,1675625288
104,ampanihy,-24.7,44.75,72.19,94,100,4.25,MG,1675625281
105,carnarvon,-24.8667,113.6333,76.87,76,1,13.89,AU,1675625224
106,alencon,48.4333,0.0833,37.94,92,74,8.1,FR,1675625433
107,thompson,55.7435,-97.8558,3.36,78,100,4.61,CA,1675625283
108,aboisso,5.4678,-3.2071,79.57,85,88,7.67,CI,1675625433
109,hermanus,-34.4187,19.2345,68.81,84,89,9.53,ZA,1675625434
110,severo-kurilsk,50.6789,156.125,24.76,80,99,6.73,RU,1675625434
111,nabire,-3.3667,135.4833,75.25,93,100,1.92,ID,1675625435
112,henties bay,-22.116,14.2845,64.96,87,100,5.61,NA,1675625435
113,salalah,17.0151,54.0924,73.49,73,0,4.61,OM,1675625436
114,san rafael,-34.6177,-68.3301,98.35,11,2,14.65,AR,1675625436
115,vestmannaeyjar,63.4427,-20.2734,48.34,89,100,40.71,IS,1675625437
116,lebu,-37.6167,-73.65,65.7,76,6,20.27,CL,1675625142
117,florianopolis,-27.6146,-48.5012,83.12,65,20,11.5,BR,1675625437
118,provideniya,64.3833,-173.3,1.38,95,98,10.33,RU,1675625438
119,vaini,-21.2,-175.2,77.16,83,75,1.14,TO,1675625439
120,ajdabiya,30.7554,20.2263,55.4,50,72,22.44,LY,1675625439
121,naryan-mar,67.6713,53.087,3.33,99,96,6.42,RU,1675625439
122,bluff,-46.6,168.3333,59.2,86,68,25.64,NZ,1675625440
123,wajid,3.8093,43.2471,79.32,22,70,12.68,SO,1675625440
124,isiro,2.7739,27.616,74.61,33,86,1.83,CD,1675625441
125,terrace,54.5163,-128.6035,40.91,87,75,9.22,CA,1675625441
126,biak,-0.9131,122.8766,76.33,80,100,5.53,ID,1675625442
127,kakonko,-3.2828,30.9642,63.81,86,80,4.76,TZ,1675625442
128,guerrero negro,27.9769,-114.0611,65.12,59,3,14.56,MX,1675625442
129,mount gambier,-37.8333,140.7667,51.93,93,15,3.74,AU,1675625284
130,storforshei,66.4043,14.5233,33.58,86,75,9.22,NO,1675625443
131,bainbridge,47.6262,-122.5212,48.49,91,75,6.91,US,1675625444
132,sabang,5.8933,95.3214,80.31,72,91,2.66,ID,1675625444
133,tangi,34.3006,71.6536,55.4,63,100,9.48,PK,1675625444
134,nuevitas,21.5453,-77.2644,82.8,60,0,13.73,CU,1675625445
135,manzhouli,49.6,117.4333,-9.24,99,76,7.2,CN,1675625445
136,stara synyava,49.6032,27.6191,21.76,94,99,12.88,UA,1675625446
137,kruisfontein,-34.0033,24.7314,74.88,82,52,9.22,ZA,1675625447
138,sebastian,35.1668,-94.2669,61.9,50,1,3.76,US,1675625447
139,norman wells,65.282,-126.8329,-23.76,76,75,0.0,CA,1675625447
140,nishihara,26.1842,127.7558,65.86,94,75,6.91,JP,1675625448
141,vila franca do campo,37.7167,-25.4333,59.41,86,35,5.99,PT,1675625448
142,lerwick,60.1545,-1.1494,44.6,77,100,21.43,GB,1675625449
143,hamilton,39.1834,-84.5333,53.04,55,100,17.27,US,1675625401
144,grindavik,63.8424,-22.4338,48.15,87,75,33.38,IS,1675625449
145,mattru,7.6244,-11.8332,79.84,68,65,6.42,SL,1675625450
146,pevek,69.7008,170.3133,-37.8,100,82,2.8,RU,1675625450
147,maridi,4.9158,29.4742,76.48,19,42,3.24,SS,1675625450
148,ahipara,-35.1667,173.1667,64.8,93,100,7.61,NZ,1675625451
149,sakakah,29.9697,40.2064,56.77,35,100,8.37,SA,1675625451
150,kushmurun,52.4503,64.6311,5.59,97,98,6.26,KZ,1675625451
151,kot samaba,28.5522,70.4684,67.95,28,0,5.48,PK,1675625452
152,hasaki,35.7333,140.8333,32.4,80,98,8.52,JP,1675625452
153,chicama,-7.8447,-79.1469,79.34,53,34,11.79,PE,1675625453
154,sao joao da barra,-21.6403,-41.0511,91.49,85,12,13.56,BR,1675625453
155,bayan,46.0833,127.4,-14.42,100,57,2.68,CN,1675625454
156,ikom,5.9667,8.7063,84.4,60,100,6.64,NG,1675625454
157,udachnyy,66.4167,112.4,-43.06,100,96,2.01,RU,1675625454
158,menongue,-14.6585,17.691,60.98,91,100,4.72,AO,1675625455
159,chokurdakh,70.6333,147.9167,-41.21,100,83,2.66,RU,1675625455
160,kumta,14.4167,74.4,75.15,70,4,4.07,IN,1675625455
161,goderich,43.7501,-81.7165,38.91,80,100,16.11,CA,1675625435
162,longyearbyen,78.2186,15.6401,26.44,74,40,35.68,SJ,1675625456
163,japura,-0.3167,102.35,73.04,97,99,2.3,ID,1675625456
164,zyryanovsk,49.7386,84.2719,16.93,96,100,0.94,KZ,1675625457
165,byron bay,-28.65,153.6167,64.94,75,61,4.61,AU,1675625457
166,olinda,-8.0089,-34.8553,83.93,70,40,8.05,BR,1675625458
167,sitka,57.0531,-135.33,39.09,70,100,12.66,US,1675625283
168,cherskiy,68.75,161.3,-41.84,100,100,4.79,RU,1675625248
169,boddam,57.4667,-1.7833,43.18,70,100,13.24,GB,1675625459
170,palaikastron,35.2,26.25,48.27,83,100,34.09,GR,1675625460
171,sur,22.5667,59.5289,70.86,73,4,6.06,OM,1675625460
172,airai,-8.9266,125.4092,60.01,94,100,1.43,TL,1675625209
173,emba,48.8264,58.1442,-0.94,97,78,5.32,KZ,1675625461
174,saldanha,-33.0117,17.9442,66.25,87,11,20.36,ZA,1675625461
175,katherine,-14.4667,132.2667,70.12,78,75,5.75,AU,1675625169
176,hithadhoo,-0.6,73.0833,80.78,71,96,11.14,MV,1675625462
177,esperance,-33.8667,121.9,68.61,65,72,17.65,AU,1675625436
178,ponnani,10.767,75.9252,78.12,84,5,4.29,IN,1675625464
179,belfast,54.5833,-5.9333,41.59,77,75,6.91,GB,1675625332
180,saint-francois,46.4154,3.9054,38.68,78,0,8.05,FR,1675625221
181,kulhudhuffushi,6.6221,73.07,80.38,74,30,0.67,MV,1675625466
182,brigantine,39.4101,-74.3646,46.09,77,100,5.01,US,1675625467
183,namibe,-15.1961,12.1522,72.34,77,36,6.6,AO,1675625328
184,foam lake,51.65,-103.5343,33.82,88,11,9.1,CA,1675625470
185,saint george,37.1041,-113.5841,60.44,35,0,3.44,US,1675625435
186,touros,-5.1989,-35.4608,81.77,72,100,12.28,BR,1675625472
187,torit,4.4133,32.5678,82.42,29,20,1.3,SS,1675625474
188,cayenne,4.9333,-52.3333,75.24,94,75,6.91,GF,1675625474
189,bilibino,68.0546,166.4372,-29.42,100,100,1.86,RU,1675625215
190,camopi,3.1655,-52.3158,71.53,99,100,3.06,GF,1675625479
191,pontian kecil,1.4801,103.3899,79.32,93,100,6.6,MY,1675625480
192,sao gabriel da cachoeira,-0.1303,-67.0892,84.0,70,40,4.61,BR,1675625481
193,san quintin,30.4833,-115.95,64.74,59,3,20.74,MX,1675625482
194,baoqing,46.3317,132.2111,-10.77,100,47,3.91,CN,1675625483
195,yellowknife,62.456,-114.3525,-12.48,77,100,9.22,CA,1675625435
196,ossora,59.2353,163.0719,-12.77,80,7,4.7,RU,1675625484
197,aksu,41.1231,80.2644,21.22,84,100,5.3,CN,1675625484
198,sorland,67.667,12.6934,39.06,62,100,23.4,NO,1675625485
199,arica,-18.475,-70.3042,83.75,69,0,9.22,CL,1675625485
200,wanning,18.8003,110.3967,72.5,88,100,4.18,CN,1675625486
201,severnyy,50.677,36.5532,23.04,85,75,7.0,RU,1675625487
202,meridian,43.6121,-116.3915,47.98,57,40,6.91,US,1675625487
203,red bluff,40.1785,-122.2358,51.93,71,100,5.75,US,1675625441
204,fort nelson,58.8053,-122.7002,4.95,82,100,6.91,CA,1675625441
205,clyde river,70.4692,-68.5914,-12.77,58,100,16.11,CA,1675625489
206,pijijiapan,15.7011,-93.23,92.3,35,2,7.83,MX,1675625489
207,flinders,-34.5833,150.8552,70.18,80,100,1.99,AU,1675625363
208,husavik,66.0449,-17.3389,46.04,78,100,38.77,IS,1675625490
209,dunedin,-45.8742,170.5036,69.8,42,44,8.99,NZ,1675625219
210,beringovskiy,63.05,179.3167,-19.34,93,100,12.28,RU,1675625270
211,sindor,62.8629,51.8905,-11.25,100,100,1.88,RU,1675625490
212,tasiilaq,65.6145,-37.6368,24.96,88,100,4.36,GL,1675625491
213,cross lanes,38.4204,-81.7907,57.58,34,75,17.27,US,1675625307
214,westport,41.1415,-73.3579,46.62,48,100,3.0,US,1675625264
215,denpasar,-8.65,115.2167,78.46,83,40,14.97,ID,1675625343
216,kaohsiung,22.6163,120.3133,67.95,82,20,3.44,TW,1675625492
217,praia da vitoria,38.7333,-27.0667,61.05,82,20,14.29,PT,1675625492
218,lapy,52.9911,22.8842,26.13,72,20,7.16,PL,1675625493
219,gushikawa,26.3544,127.8686,65.79,94,20,0.0,JP,1675625493
220,palana,59.1167,159.9667,-14.33,99,51,5.19,RU,1675625494
221,kahului,20.8947,-156.47,76.96,80,20,20.71,US,1675625494
222,mahebourg,-20.4081,57.7,80.26,83,40,9.22,MU,1675625495
223,bengkulu,-3.8004,102.2655,73.9,90,100,6.85,ID,1675625495
224,mount isa,-20.7333,139.5,76.77,100,75,4.61,AU,1675625316
225,fayaoue,-20.65,166.5333,83.16,79,100,15.21,NC,1675625496
226,saskylakh,71.9167,114.0833,-41.91,100,98,3.98,RU,1675625496
227,tulun,54.5611,100.5792,-9.6,100,99,1.72,RU,1675625496
228,verkhnyaya inta,65.9811,60.3094,7.2,96,98,7.54,RU,1675625497
229,port hedland,-20.3167,118.5667,80.65,89,6,2.3,AU,1675625497
230,aranos,-24.1333,19.1167,80.89,46,42,11.27,NA,1675625498
231,coos bay,43.3665,-124.2179,50.23,81,100,6.91,US,1675625479
232,klaksvik,62.2266,-6.589,47.32,95,100,34.14,FO,1675625498
233,san cristobal,7.7669,-72.225,77.18,56,55,6.42,VE,1675625499
234,andenes,69.3143,16.1194,37.38,75,100,11.5,NO,1675625499
235,canutama,-6.5339,-64.3831,82.17,84,85,1.48,BR,1675625500
236,san policarpo,12.1791,125.5072,78.76,85,99,13.94,PH,1675625500
237,durango,24.8333,-104.8333,68.88,20,0,6.8,MX,1675625356
238,payyannur,12.1,75.2,74.53,88,6,3.56,IN,1675625501
239,krasnoselkup,65.7,82.4667,-1.28,99,89,4.29,RU,1675625501
240,springbok,-29.6643,17.8865,69.66,49,28,5.37,ZA,1675625502
241,jinchang,38.4953,102.1739,26.89,39,7,2.01,CN,1675625502
242,somerset,40.5668,-74.5496,49.86,41,0,5.75,US,1675625435
243,palu,-0.8917,119.8707,74.3,92,60,2.46,ID,1675625503
244,karaton,-6.3424,106.1045,75.33,89,100,5.95,ID,1675625503
245,zhigansk,66.7697,123.3711,-43.96,97,98,2.3,RU,1675625503
246,severo-yeniseyskiy,60.3725,93.0408,4.69,96,99,4.94,RU,1675625504
247,elesbao veloso,-6.2019,-42.1403,87.82,45,76,5.41,BR,1675625504
248,san antero,9.3741,-75.7589,86.25,59,37,12.88,CO,1675625506
249,kiama,-34.6833,150.8667,71.01,82,61,6.29,AU,1675625506
250,bardiyah,31.7561,25.0865,50.9,69,65,30.51,LY,1675625507
251,rincon,32.296,-81.2354,64.36,69,100,4.61,US,1675625507
252,cap malheureux,-19.9842,57.6142,80.47,77,27,5.01,MU,1675625508
253,dalian,38.9122,121.6022,32.85,58,8,0.0,CN,1675625508
254,lang suan,9.9456,99.0785,74.35,89,10,1.16,TH,1675625509
255,port hardy,50.6996,-127.4199,44.78,87,75,8.05,CA,1675625434
256,gubkinskiy,64.434,76.5026,-11.27,100,98,3.44,RU,1675625509
257,soe,-9.8607,124.284,65.25,95,97,3.02,ID,1675625510
258,beihai,21.4833,109.1,65.55,94,100,14.72,CN,1675625510
259,bambous virieux,-20.3428,57.7575,80.22,83,40,9.22,MU,1675625511
260,veraval,20.9,70.3667,70.36,43,1,11.03,IN,1675625511
261,balykshi,47.0667,51.8667,15.8,92,100,2.24,KZ,1675625297
262,quelimane,-17.8786,36.8883,82.35,83,75,4.61,MZ,1675625512
263,belle fourche,44.6714,-103.8522,53.06,42,55,7.36,US,1675625512
264,san patricio,28.017,-97.5169,78.66,52,1,6.51,US,1675625512
265,iquitos,-3.7481,-73.2472,75.24,94,100,6.91,PE,1675625513
266,richards bay,-28.783,32.0377,73.15,88,2,3.24,ZA,1675625217
267,kununurra,-15.7667,128.7333,75.18,94,41,0.0,AU,1675625513
268,ribeira grande,38.5167,-28.7,61.77,88,75,15.01,PT,1675625514
269,atambua,-9.1061,124.8925,72.61,87,98,1.5,ID,1675625227
270,atherton,53.5237,-2.4935,40.55,81,100,2.89,GB,1675625514
271,filingue,14.3521,3.3168,85.24,12,100,10.38,NE,1675625515
272,la colorada,8.0167,-80.9833,89.67,40,52,17.52,PA,1675625515
273,zig,40.127,-92.7663,54.37,43,0,11.01,US,1675625515
274,adrar,20.5022,-10.0711,63.41,24,76,10.54,MR,1675625432
275,boulder city,35.9786,-114.8325,64.27,34,0,25.32,US,1675625516
276,yulara,-25.2406,130.9889,67.73,23,0,9.4,AU,1675625517
277,azul,-36.777,-59.8585,86.74,29,4,4.7,AR,1675625410
278,egvekinot,66.3167,-179.1667,-21.69,87,100,11.25,RU,1675625219
279,dingle,10.9995,122.6711,73.69,93,100,7.99,PH,1675625517
280,itarema,-2.9248,-39.9167,81.23,75,96,13.04,BR,1675625518
281,mountain home,43.133,-115.6912,41.14,80,75,8.05,US,1675625518
282,caravelas,-17.7125,-39.2481,82.4,70,0,11.56,BR,1675625519
283,tynda,55.1667,124.7167,-13.67,99,100,1.5,RU,1675625519
284,dikson,73.5069,80.5464,-4.7,98,100,3.51,RU,1675625519
285,tuktoyaktuk,69.4541,-133.0374,-45.4,66,20,2.3,CA,1675625520
286,alugan,12.2188,125.4808,78.04,87,97,12.95,PH,1675625284
287,mao,39.8885,4.2658,52.36,76,20,17.27,ES,1675625286
288,ayolas,-27.4,-56.9,97.03,15,0,4.47,PY,1675625521
289,okhotsk,59.3833,143.3,-15.97,81,94,10.89,RU,1675625521
290,taksimo,56.3444,114.8794,-0.83,88,100,4.68,RU,1675625521
291,oranjestad,12.524,-70.027,84.15,65,20,26.46,AW,1675625522
292,leo,11.1,-2.1,82.45,14,0,8.57,BF,1675625523
293,grand-bourg,15.8835,-61.3148,79.0,76,2,23.67,GP,1675625523
294,tubigan,8.5322,124.3122,76.93,82,99,5.14,PH,1675625524
295,kabare,-2.4683,28.8242,60.15,90,98,2.71,CD,1675625524
296,sosnovoborsk,56.1325,93.3589,-7.96,100,95,2.71,RU,1675625525
297,novobirilyussy,56.9514,90.6661,-12.93,100,100,2.93,RU,1675625526
298,talaya,61.3833,152.75,-31.36,100,100,0.96,RU,1675625526
299,omsukchan,62.5333,155.8,-36.83,98,87,4.7,RU,1675625527
300,hami,42.8,93.45,28.94,40,0,0.49,CN,1675625528
301,paka,4.6374,103.4368,78.73,89,100,6.91,MY,1675625528
302,tolaga bay,-38.3667,178.3,66.4,76,100,3.6,NZ,1675625529
303,sovetskaya gavan,48.9723,140.2878,-2.38,90,36,4.76,RU,1675625531
304,bonavista,48.6499,-53.1147,23.32,63,100,22.12,CA,1675625532
305,bathsheba,13.2167,-59.5167,83.01,65,40,24.16,BB,1675625534
306,dvinskoy,62.1535,45.1175,-7.08,100,100,2.33,RU,1675625535
307,murchison,-41.8,172.3333,60.58,96,75,3.09,NZ,1675625535
308,rocha,-34.4833,-54.3333,77.86,51,5,10.74,UY,1675625536
309,ambovombe,-25.1667,46.0833,73.22,84,100,14.58,MG,1675625537
310,raudeberg,61.9875,5.1352,43.86,68,99,17.11,NO,1675625537
311,makakilo city,21.3469,-158.0858,77.32,72,0,17.27,US,1675625540
312,santa cruz,-17.8,-63.1667,82.45,69,75,10.36,BO,1675625541
313,luanda,-8.8368,13.2343,80.6,78,40,9.22,AO,1675625541
314,porto novo,6.4965,2.6036,81.23,82,100,10.16,BJ,1675625542
315,djenne,13.9061,-4.5533,82.58,12,0,10.4,ML,1675625543
316,ancud,-41.8697,-73.8203,63.5,72,23,11.27,CL,1675625543
317,poros,37.4994,23.4536,43.86,65,100,34.29,GR,1675625545
318,khatanga,71.9667,102.5,-32.37,97,87,5.59,RU,1675625545
319,marshfield,44.6689,-90.1718,30.43,80,100,12.66,US,1675625548
320,morehead,37.2711,-87.1764,56.79,56,40,12.66,US,1675625548
321,san carlos,9.6612,-68.5827,94.28,28,48,8.55,VE,1675625549
322,ovsyanka,55.9575,92.5519,-7.78,100,90,3.67,RU,1675625549
323,tanout,14.9709,8.8879,79.97,14,100,11.59,NE,1675625550
324,rio gallegos,-51.6226,-69.2181,62.65,29,40,39.12,AR,1675625535
325,kharp,66.8014,65.8081,0.97,91,21,8.05,RU,1675625550
326,norwich,52.6278,1.2983,39.92,91,0,4.61,GB,1675625551
327,bure,10.7,37.0667,61.77,33,20,4.41,ET,1675625551
328,roma,43.2128,-75.4557,44.82,46,0,9.22,US,1675625551
329,cheremukhovo,60.3484,59.9851,12.2,98,100,1.63,RU,1675625552
330,faya,18.3851,42.4509,57.72,65,99,3.83,SA,1675625552
331,los llanos de aridane,28.6585,-17.9182,58.75,74,75,11.5,ES,1675625553
332,el jicaro,14.9167,-89.9,83.73,36,3,6.02,GT,1675625553
333,sioux lookout,50.1001,-91.917,8.67,66,75,5.75,CA,1675625554
334,kiruna,67.8557,20.2251,23.92,74,9,9.22,SE,1675625554
335,jagdispur,25.4833,84.4167,56.08,62,0,5.06,IN,1675625554
336,norrtalje,59.758,18.705,29.01,91,26,8.81,SE,1675625555
337,yizheng,24.6706,103.4296,45.21,64,1,5.59,CN,1675625555
338,uige,-7.6087,15.0613,65.59,93,72,1.39,AO,1675625555
339,grand gaube,-20.0064,57.6608,80.38,77,25,5.01,MU,1675625556
340,pitimbu,-7.4706,-34.8086,86.59,72,15,10.6,BR,1675625556
341,zaysan,47.4667,84.8667,14.67,90,99,4.52,KZ,1675625557
342,gao,16.6362,1.637,79.95,11,45,11.77,ML,1675625557
343,huancavelica,-12.7667,-74.9833,42.89,82,100,5.14,PE,1675625558
344,vilhena,-12.7406,-60.1458,79.02,73,75,3.44,BR,1675625558
345,porto santo,33.072,-16.3415,61.18,67,40,13.8,PT,1675625281
346,ixtapa,20.7,-105.2,76.23,69,0,9.22,MX,1675625559
347,kavieng,-2.5744,150.7967,81.25,74,100,2.93,PG,1675625559
348,ilebo,-4.3167,20.5833,70.97,91,37,1.12,CD,1675625560
349,montepuez,-13.1256,38.9997,70.47,95,98,3.44,MZ,1675625560
350,pontianak,-0.0333,109.3333,76.98,94,75,1.14,ID,1675625263
351,ambatolampy,-19.3833,47.4167,57.83,96,100,4.09,MG,1675625561
352,oranjemund,-28.55,16.4333,63.34,95,99,12.5,NA,1675625287
353,gurlan,41.8447,60.3919,30.27,68,100,7.56,UZ,1675625561
354,tiznit,29.5833,-9.5,54.36,43,85,3.87,MA,1675625266
355,vostok,46.4856,135.8833,-7.24,100,98,3.98,RU,1675625562
356,zhob,31.3411,69.4481,49.24,62,5,0.49,PK,1675625562
357,coihaique,-45.5752,-72.0662,70.41,40,20,12.66,CL,1675625442
358,nouakchott,18.0858,-15.9785,76.93,41,93,9.35,MR,1675625563
359,sinnamary,5.3833,-52.95,77.02,88,100,14.79,GF,1675625563
360,port-cartier,50.0334,-66.8654,6.75,85,100,7.05,CA,1675625564
361,grenada,37.1882,-3.6067,52.16,45,0,0.0,ES,1675625564
362,pasvalys,56.0594,24.4036,23.72,84,100,5.48,LT,1675625565
363,castro,-24.7911,-50.0119,73.6,66,85,6.85,BR,1675625439
364,saint-augustin,51.226,-58.6502,5.16,79,100,4.43,CA,1675625565
365,ayan,56.45,138.1667,-9.26,81,88,7.96,RU,1675625566
366,gat,31.61,34.7642,58.41,100,98,13.04,IL,1675625566
367,bud,39.447,-86.1758,50.05,74,100,14.81,US,1675625566
368,hovd,48.0056,91.6419,3.4,78,6,3.18,MN,1675625567
369,narsaq,60.9167,-46.05,19.62,92,88,9.89,GL,1675625567
370,nyagan,62.1406,65.3936,1.38,99,100,1.34,RU,1675625568
371,miri,4.4148,114.0089,77.14,100,40,3.44,MY,1675625568
372,belyy yar,53.6039,91.3903,-11.15,76,20,2.24,RU,1675625568
373,sibolga,1.7427,98.7792,75.07,92,100,1.86,ID,1675625569
374,lavrentiya,65.5833,-171.0,-3.59,95,100,9.26,RU,1675625569
375,kaeo,-35.1,173.7833,67.32,95,81,6.13,NZ,1675625570
376,sterling,39.0062,-77.4286,55.4,35,75,14.97,US,1675625570
377,bombay,19.0144,72.8479,76.98,53,5,0.0,IN,1675625385
378,aykhal,66.0,111.5,-34.94,100,93,2.73,RU,1675625571
379,serta,39.8085,-8.0988,47.28,68,4,4.83,PT,1675625571
380,phan thiet,10.9333,108.1,71.02,82,33,6.73,VN,1675625571
381,matay,28.419,30.7792,54.97,26,0,7.65,EG,1675625572
382,lodwar,3.1191,35.5973,85.37,23,7,4.5,KE,1675625572
383,cap-aux-meules,47.3821,-61.8597,23.05,93,100,17.27,CA,1675625572
384,yazman,29.1212,71.7446,68.07,26,6,5.91,PK,1675625573
385,alamosa,37.4695,-105.87,44.58,23,0,6.91,US,1675625573
386,acqui terme,44.6751,8.4675,45.37,86,60,1.01,IT,1675625527
387,paamiut,61.994,-49.6678,16.65,81,100,18.61,GL,1675625574
388,ocos,14.5094,-92.1933,89.78,60,0,10.16,GT,1675625574
389,lakshmipur,22.95,90.8333,64.15,47,23,4.72,BD,1675625575
390,dourados,-22.2211,-54.8056,73.4,75,85,6.51,BR,1675625575
391,petropavlovsk-kamchatskiy,53.0452,158.6483,16.39,93,100,2.24,RU,1675625575
392,burns lake,54.2331,-125.7533,36.82,84,55,7.78,CA,1675625423
393,quatre cocos,-20.2078,57.7625,80.1,80,33,13.04,MU,1675625576
394,hailar,49.2,119.7,-15.68,100,100,4.63,CN,1675625576
395,varnamo,57.186,14.04,30.49,99,99,1.12,SE,1675625577
396,lesna,51.0243,15.2641,24.6,77,91,2.91,PL,1675625577
397,port shepstone,-30.7414,30.455,74.16,86,0,16.53,ZA,1675625578
398,north platte,41.1239,-100.7654,38.37,64,0,1.99,US,1675625578
399,roebourne,-20.7833,117.1333,87.44,51,11,9.22,AU,1675625578
400,mar del plata,-38.0023,-57.5575,90.82,40,0,12.66,AR,1675625290
401,bayburt,40.2589,40.2278,17.47,96,100,3.8,TR,1675625503
402,pacific grove,36.6177,-121.9166,56.66,82,75,14.97,US,1675625381
403,ljungby,56.8332,13.9408,30.61,97,100,0.43,SE,1675625579
404,sayyan,15.1718,44.3244,55.06,33,100,2.46,YE,1675625580
405,kinablangan,7.6947,126.5503,76.5,83,100,4.12,PH,1675625580
406,novikovo,51.1537,37.8879,22.14,93,100,7.0,RU,1675625370
407,winona,43.9666,-91.7668,31.44,59,0,16.11,US,1675625581
408,rawson,-43.3002,-65.1023,71.42,60,10,26.15,AR,1675625581
409,gunjur,13.2019,-16.7339,77.07,41,0,9.22,GM,1675625581
410,ponta delgada,37.7333,-25.6667,59.72,82,40,10.36,PT,1675625582
411,leningradskiy,69.3833,178.4167,-22.88,98,100,4.61,RU,1675625583
412,lusaka,-15.4067,28.2871,66.45,94,0,3.44,ZM,1675625583
413,vultureni,46.3667,27.2833,27.37,89,94,16.6,RO,1675625585
414,pringsewu,-5.3582,104.9744,74.44,75,99,1.79,ID,1675625320
415,fortuna,40.5982,-124.1573,50.67,94,75,8.05,US,1675625586
416,tessalit,20.1986,1.0114,73.26,11,100,9.75,ML,1675625368
417,pangnirtung,66.1451,-65.7125,-27.4,68,75,0.0,CA,1675625587
418,axim,4.8699,-2.2405,80.94,84,100,9.98,GH,1675625588
419,tuy hoa,13.0833,109.3,70.12,94,54,3.6,VN,1675625589
420,kodino,63.7198,39.6447,6.53,91,11,6.46,RU,1675625590
421,mbandaka,0.0487,18.2603,80.55,52,100,3.91,CD,1675625590
422,chapais,49.7834,-74.8492,6.58,82,100,6.85,CA,1675625568
423,pafos,34.7667,32.4167,58.78,67,75,11.5,CY,1675625406
424,geraldton,-28.7667,114.6,73.81,73,100,10.36,AU,1675625591
425,jinan,36.6683,116.9972,41.54,53,57,3.36,CN,1675625593
426,ambon,-3.6954,128.1814,79.11,82,100,11.32,ID,1675625594
427,barcelos,41.5388,-8.6151,57.34,62,0,5.59,PT,1675625596
428,peleduy,59.6289,112.7406,-15.32,100,100,2.46,RU,1675625597
429,luderitz,-26.6481,15.1594,65.53,79,98,16.4,NA,1675625598
430,kirakira,-10.4544,161.9205,78.03,97,100,21.03,SB,1675625599
431,naze,28.3667,129.4833,63.52,80,100,10.13,JP,1675625600
432,shache,38.4167,77.2406,24.64,80,100,3.98,CN,1675625600
433,sawakin,19.1059,37.3321,73.29,69,41,3.62,SD,1675625601
434,verkhnetulomskiy,68.6073,31.7962,5.13,94,100,2.62,RU,1675625602
435,berlevag,70.8578,29.0864,24.8,79,75,28.77,NO,1675625602
436,camocim,-2.9022,-40.8411,81.84,76,100,14.25,BR,1675625603
437,jining,35.405,116.5814,40.6,73,100,5.75,CN,1675625603
438,belmonte,-15.8631,-38.8828,82.33,69,1,12.57,BR,1675625604
439,manggar,-2.8833,108.2667,77.52,89,100,4.59,ID,1675625605
440,tura,25.5198,90.2201,58.46,46,0,2.39,IN,1675625569
441,fort walton beach,30.4058,-86.6188,70.66,63,40,6.91,US,1675625369
442,potiskum,11.7091,11.0694,78.73,17,65,9.73,NG,1675625607
443,san andres,12.5847,-81.7006,84.22,65,20,14.97,CO,1675625607
444,syracuse,37.0881,15.2792,47.57,48,0,19.3,IT,1675625608
445,benguela,-12.5763,13.4055,78.31,74,99,4.07,AO,1675625608
446,iberia,29.9502,-91.7507,70.05,49,75,6.91,US,1675625609
447,amot,59.5714,7.9877,23.68,93,98,4.94,NO,1675625609
448,abeche,13.8292,20.8324,76.19,10,94,7.92,TD,1675625610
449,broome,42.2506,-75.833,43.63,52,0,11.5,US,1675625610
450,joshimath,30.5667,79.5667,38.34,42,1,8.32,IN,1675625611
451,sulangan,11.1373,123.7228,79.54,81,100,12.8,PH,1675625611
452,popondetta,-8.7537,148.2534,74.3,93,100,2.57,PG,1675625612
453,sola,-13.8833,167.55,82.62,75,100,18.88,VU,1675625612
454,talakan,50.3167,130.3667,-18.36,100,100,1.36,RU,1675625613
455,chongwe,-15.3292,28.682,68.58,96,100,3.15,ZM,1675625613
456,golden gate,26.1879,-81.6951,82.38,67,0,6.91,US,1675625613
457,khonsa,27.0167,95.5667,54.99,55,38,3.71,IN,1675625614
458,gizo,-8.103,156.8419,77.59,94,100,19.55,SB,1675625614
459,sidi ali,36.0998,0.4206,50.05,75,0,8.25,DZ,1675625614
460,srednekolymsk,67.45,153.6833,-34.55,100,100,5.61,RU,1675625615
461,buala,-8.145,159.5921,77.5,93,100,13.4,SB,1675625615
462,khomeyn,33.6423,50.0789,25.75,66,75,5.28,IR,1675625616
463,tamiahua,21.2667,-97.45,73.92,62,3,8.39,MX,1675625616
464,maningrida,-12.0667,134.2667,75.88,84,100,5.39,AU,1675625616
465,bac lieu,9.285,105.7244,75.02,86,55,9.78,VN,1675625617
466,monrovia,6.3005,-10.7969,78.57,86,100,9.24,LR,1675625439
467,khor,47.8861,134.9464,-15.81,100,54,5.88,RU,1675625617
468,benalla,-36.55,145.9833,56.3,83,1,4.99,AU,1675625618
469,develi,38.3906,35.4922,29.55,92,100,5.91,TR,1675625619
470,brae,60.3964,-1.353,44.55,77,100,20.87,GB,1675625619
471,pakpattan,30.341,73.3866,62.11,34,26,8.28,PK,1675625620
472,antsohihy,-14.8796,47.9875,73.98,97,100,2.26,MG,1675625620
473,jibuti,11.5,42.5,69.53,75,33,12.19,DJ,1675625621
474,puerto maldonado,-12.6,-69.1833,82.8,78,40,6.91,PE,1675625621
475,plettenberg bay,-34.0527,23.3716,71.24,86,95,4.18,ZA,1675625622
476,campechuela,20.2342,-77.2789,83.25,53,0,11.74,CU,1675625622
477,hit,33.6416,42.8251,54.84,50,95,11.27,IQ,1675625623
478,acapulco,16.8634,-99.8901,85.82,62,0,6.91,MX,1675625614
479,manyana,-23.4,21.7167,77.18,55,93,6.2,BW,1675625623
480,thaba-tseka,-29.522,28.6084,56.48,69,8,4.34,LS,1675625624
481,san luis,-33.295,-66.3356,91.17,19,5,11.16,AR,1675625624
482,biltine,14.5333,20.9167,77.58,9,100,6.96,TD,1675625625
483,gander,48.9682,-54.5906,21.33,53,75,18.41,CA,1675625436
484,yeghegnut,40.0919,44.1602,32.09,80,100,0.65,AM,1675625626
485,umaria,23.5333,80.8333,59.83,37,0,4.03,IN,1675625626
486,bocaiuva,-17.1078,-43.815,91.11,62,63,0.51,BR,1675625627
487,voh,-20.9667,164.7,81.28,85,98,5.35,NC,1675625627
488,cantaura,9.3057,-64.3584,84.56,46,99,14.03,VE,1675625627
489,grand-lahou,5.1367,-5.0242,80.37,85,15,11.48,CI,1675625628
490,la orilla,17.9833,-102.2333,83.46,52,0,10.69,MX,1675625414
491,tran,42.8353,22.6517,14.38,95,87,4.85,BG,1675625628
492,nelson bay,-32.7167,152.15,73.99,93,0,3.0,AU,1675625629
493,sao filipe,14.8961,-24.4956,71.08,62,98,14.07,CV,1675625629
494,katsuura,35.1333,140.3,47.16,82,0,5.28,JP,1675625629
495,davenda,53.5556,119.317,-14.66,97,100,4.23,RU,1675625630
496,xining,36.6167,101.7667,23.41,54,1,0.76,CN,1675625630
497,kochubey,44.3861,46.5825,29.52,92,96,11.74,RU,1675625631
498,dumas,35.8656,-101.9732,61.54,17,0,16.11,US,1675625632
499,edd,13.9297,41.6925,78.01,78,58,9.62,ER,1675625632
500,xinyu,27.8043,114.9334,45.61,97,75,1.05,CN,1675625632
501,port lincoln,-34.7333,135.8667,60.58,84,14,10.58,AU,1675625633
502,turbat,26.0023,63.044,67.73,49,0,2.15,PK,1675625633
503,codrington,-38.2667,141.9667,55.76,85,39,5.08,AU,1675625634
504,najran,17.4924,44.1277,66.85,30,100,2.08,SA,1675625459
505,kudahuvadhoo,2.6708,72.8944,79.47,75,61,2.35,MV,1675625635
506,ulladulla,-35.35,150.4667,62.78,84,65,3.0,AU,1675625635
507,tshela,-4.9833,12.9333,73.09,95,36,1.1,CD,1675625635
508,nago,26.5881,127.9761,66.63,91,100,8.25,JP,1675625636
509,marsa matruh,31.3525,27.2453,53.8,71,40,19.57,EG,1675625636
510,kirkkonummi,60.1238,24.4385,33.12,98,100,13.24,FI,1675625637
511,borkenes,68.774,16.1739,35.55,95,87,18.01,NO,1675625637
512,wattegama,6.7989,81.4808,72.19,89,100,4.81,LK,1675625638
513,ust-ilimsk,58.0006,102.6619,10.71,96,99,4.92,RU,1675625638
514,makati,14.5569,121.0235,78.84,80,75,4.61,PH,1675625429
515,rafai,4.95,23.9167,77.56,24,84,0.07,CF,1675625639
516,pochutla,15.7432,-96.4661,89.42,42,0,10.38,MX,1675625550
517,juneau,58.3019,-134.4197,35.6,91,100,10.36,US,1675625591
518,muros,42.7762,-9.0603,52.14,77,0,9.53,ES,1675625611
519,farafangana,-22.8167,47.8333,74.97,88,100,8.05,MG,1675625512
520,nieuw amsterdam,5.8833,-55.0833,78.82,83,40,16.11,SR,1675625640
521,kalmunai,7.4167,81.8167,75.9,86,100,9.71,LK,1675625640
522,padang,-0.9492,100.3543,71.65,78,100,2.19,ID,1675625640
523,watertown,42.3709,-71.1828,50.05,39,75,17.27,US,1675625434
524,luang prabang,19.8856,102.1347,68.95,89,76,2.15,LA,1675625641
525,mahanoro,-19.9,48.8,74.25,91,99,5.37,MG,1675625642
526,fort morgan,40.2503,-103.8,36.82,80,0,0.0,US,1675625371
527,luangwa,-15.6167,30.4167,73.83,92,100,1.5,ZM,1675625642
528,colesberg,-30.72,25.0972,78.75,31,83,5.75,ZA,1675625643
529,arlit,18.7369,7.3853,77.38,11,6,10.33,NE,1675625645
530,lethem,3.3803,-59.7968,79.88,69,100,10.27,GY,1675625645
531,bilaspur,22.0833,82.15,61.21,29,0,5.08,IN,1675625646
532,minsk,53.9,27.5667,22.75,89,100,7.87,BY,1675625636
533,muli,2.9167,73.5667,80.58,73,68,3.67,MV,1675625647
534,trelew,-43.249,-65.3051,76.6,44,9,28.01,AR,1675625647
535,yanaul,56.2719,54.9309,13.21,96,100,3.76,RU,1675625648
536,akyab,20.15,92.9,65.12,58,97,9.53,MM,1675625649
537,qaqortoq,60.7167,-46.0333,19.44,93,100,11.68,GL,1675625649
538,wiwili,13.6268,-85.8254,84.79,39,1,13.22,NI,1675625650
539,panguipulli,-39.6333,-72.3333,82.9,35,0,7.81,CL,1675625651
540,baiyin,36.5583,104.2081,25.45,38,6,0.87,CN,1675625651
541,kieta,-6.2167,155.6333,78.51,84,100,3.02,PG,1675625652
542,youghal,51.95,-7.8506,45.61,91,22,5.59,IE,1675625653
543,madeji,27.7544,68.4526,59.02,32,0,5.99,PK,1675625653
544,barahona,18.2085,-71.1008,82.22,65,40,28.77,DO,1675625654
545,mustasaari,63.1142,21.6822,30.88,86,0,9.22,FI,1675625455
546,langsa,4.4683,97.9683,73.13,95,100,2.8,ID,1675625655
547,milkovo,54.7167,158.6167,-2.58,99,100,0.43,RU,1675625656
548,mayumba,-3.432,10.6554,78.8,85,87,4.47,GA,1675625657
549,charters towers,-20.1,146.2667,74.16,97,100,6.98,AU,1675625658
550,pokhara,28.2333,83.9833,55.11,52,9,4.65,NP,1675625409
551,pisco,-13.7,-76.2167,77.05,78,0,10.36,PE,1675625659
552,south lake tahoe,38.9332,-119.9844,31.73,86,70,5.99,US,1675625631
553,caluquembe,-13.7833,14.6833,59.74,81,100,4.36,AO,1675625661
554,beira,-19.8436,34.8389,82.49,83,20,8.05,MZ,1675625663
555,sao jose da coroa grande,-8.8978,-35.1478,81.25,75,25,8.57,BR,1675625664
556,conceicao da barra,-18.5933,-39.7322,81.91,76,6,12.15,BR,1675625664
557,shellbrook,53.2168,-106.4011,29.43,87,77,9.24,CA,1675625666
558,sumter,28.7086,-82.0831,76.14,69,99,4.52,US,1675625667
559,grafton,42.207,-71.6856,48.25,38,0,26.46,US,1675625668
560,rupert,42.6191,-113.6772,37.35,70,100,12.66,US,1675625481
561,whitley bay,55.0397,-1.4471,39.42,74,0,4.61,GB,1675625669
562,ust-koksa,50.2696,85.6108,6.62,96,86,1.86,RU,1675625669
563,falam,22.9167,93.6833,45.75,48,7,4.61,MM,1675625670
564,mkuranga,-7.118,39.2078,76.03,86,37,3.06,TZ,1675625670
565,sept-iles,50.2001,-66.3821,7.05,85,100,4.61,CA,1675625580
566,anadyr,64.75,177.4833,-26.9,75,40,11.18,RU,1675625671
567,saint anthony,45.0205,-93.218,30.88,66,0,8.05,US,1675625671
568,talnakh,69.4865,88.3972,4.21,97,99,3.56,RU,1675625579
569,kambove,-10.8764,26.5969,62.74,97,100,4.79,CD,1675625672
570,alofi,-19.0595,-169.9187,76.89,94,40,4.61,NU,1675625672
571,sembe,1.6481,14.5806,77.18,53,77,3.06,CG,1675625673
572,san ramon,37.7799,-121.978,55.6,81,75,13.8,US,1675625384
573,wanaka,-44.7,169.15,62.11,66,100,8.99,NZ,1675625673
574,oktyabrskiy,54.4815,53.471,13.55,95,100,2.42,RU,1675625674
575,shibetsu,43.659,145.132,20.8,78,65,5.46,JP,1675625674
576,aitape,-3.1374,142.3475,77.74,88,100,3.02,PG,1675625675
577,sampang,-7.1872,113.2394,78.22,84,100,6.46,ID,1675625675
578,gimbi,9.1667,35.8333,62.24,41,85,5.37,ET,1675625676
579,robertsport,6.7533,-11.3686,79.79,87,100,9.82,LR,1675625676
580,karratha,-20.7377,116.8463,86.79,54,11,8.81,AU,1675625676
